Название товара,Цена,Ссылка на товар
"Люстра Freya Hloya 7xE14, золото",36 390 ₽,https://obi.ru/products/ljustra-freya-hloya-7xe14-zoloto-5052438
"Люстра Freya Basilica 6хЕ14, латунь",31 390 ₽,https://obi.ru/products/ljustra-freya-basilica-6he14-latun-5052436
Подвес EGLO 3x40ВтxE27 maseta 1100х930 мм,29 990 ₽,https://obi.ru/products/podves-eglo-3x40vtxe27-maseta-1100h930-mm-5001362
Потолочная люстра De City Бриз 111014712 с пультом ДУ,23 990 ₽,https://obi.ru/products/potolochnaja-ljustra-de-city-briz-111014712-s-pultom-du-4807194
Подвесная люстра LEEK LE 062300-005,22 790 ₽,https://obi.ru/products/podvesnaja-ljustra-leek-le-062300-005-4587143
Подвесной светильник FR5217PL-05FG,26 690 ₽,https://obi.ru/products/podvesnoj-svetilnik-fr5217pl-05fg-5067632
Подвес EGLO 3x40ВтxE27 oilell черный 950х1100 мм,26 290 ₽,https://obi.ru/products/podves-eglo-3x40vtxe27-oilell-chernyj-950h1100-mm-5001364
Потолочная люстра MW-Light Аделард 642013305,21 790 ₽,https://obi.ru/products/potolochnaja-ljustra-mw-light-adelard-642013305-4376018
Подвесная люстра ARTE Lamp GEMELLI A2150SP-5WG,22 090 ₽,https://obi.ru/products/podvesnaja-ljustra-arte-lamp-gemelli-a2150sp-5wg-4578902
Подвесной светильник FR5198PL-06CH,23 990 ₽,https://obi.ru/products/podvesnoj-svetilnik-fr5198pl-06ch-5067634
Подвесной светильник FR5198PL-06BS,23 990 ₽,https://obi.ru/products/podvesnoj-svetilnik-fr5198pl-06bs-5067633
Подвесная люстра Vitaluce V4894-0/6S белая 6ХE14Х40Вт,22 690 ₽,https://obi.ru/products/podvesnaja-ljustra-vitaluce-v4894-0-6s-belaja-6he14h40vt-4879789
Потолочная люстра De City Свеча 683013008,19 990 ₽,https://obi.ru/products/potolochnaja-ljustra-de-city-svecha-683013008-4375895
Свет-к под патрон (люстра) LE CH CLAUDIA G9x6+E27x1 (1),21 990 ₽,https://obi.ru/products/svet-k-pod-patron-ljustra-le-ch-claudia-g9x6-e27x1-1-5068901
Люстра FR5171PL-06BS,21 390 ₽,https://obi.ru/products/ljustra-fr5171pl-06bs-5067629
Подвесной светильник FR5199PL-08BS,21 390 ₽,https://obi.ru/products/podvesnoj-svetilnik-fr5199pl-08bs-5067708
Подвесная люстра Vitaluce V4825-1/8S черная 8ХE27Х40Вт,18 590 ₽,https://obi.ru/products/podvesnaja-ljustra-vitaluce-v4825-1-8s-chernaja-8he27h40vt-4696084
Подвесная люстра De City Бриз 111014806,19 390 ₽,https://obi.ru/products/podvesnaja-ljustra-de-city-briz-111014806-4807202
Подвесная люстра De City Бриз 111014308,19 590 ₽,https://obi.ru/products/podvesnaja-ljustra-de-city-briz-111014308-4807152
Подвес 3х40WхE27 venezuela черн/золот,20 690 ₽,https://obi.ru/products/podves-3h40whe27-venezuela-chern-zolot-5067679
Потолочная люстра LEEK LE 062300-006,15 590 ₽,https://obi.ru/products/potolochnaja-ljustra-leek-le-062300-006-4587150
Люстра FR4166-PL-05C-BL,20 290 ₽,https://obi.ru/products/ljustra-fr4166-pl-05c-bl-5067627
Подвес EGLO 3x40ВтxE27 calmanera 1100х900 мм,20 190 ₽,https://obi.ru/products/podves-eglo-3x40vtxe27-calmanera-1100h900-mm-5001361
Подвес 3х40WхE27 adwickle черн/натур,20 190 ₽,https://obi.ru/products/podves-3h40whe27-adwickle-chern-natur-5067676
Подвесная люстра De City Классик 683012905,17 190 ₽,https://obi.ru/products/podvesnaja-ljustra-de-city-klassik-683012905-4375887
"Подвес BERNABETTA: 9x40W (E27), Ø780, H1500, сталь, текстиль, черный/белый",20 690 ₽,https://obi.ru/products/podves-bernabetta-9x40w-e27-o780-h1500-stal-tekstil-chernyj-belyj-5726391
Подвес 4х40WхE27 chisle черный,19 790 ₽,https://obi.ru/products/podves-4h40whe27-chisle-chernyj-5067683
Подвесная люстра Vitaluce V1794-0/5 белая 5ХE14Х40Вт,15 690 ₽,https://obi.ru/products/podvesnaja-ljustra-vitaluce-v1794-0-5-belaja-5he14h40vt-4142477
"Бра RUSCOMB: 1x10W (E27), L135, H175, A210, сталь, бумага, натуральный",20 690 ₽,https://obi.ru/products/bra-ruscomb-1x10w-e27-l135-h175-a210-stal-bumaga-naturalnyj-5726390
Подвесной светильник EGLO PINTO GOLD 97652,16 890 ₽,https://obi.ru/products/podvesnoj-svetilnik-eglo-pinto-gold-97652-4375382
"Люстра Freya Forte 6хЕ14, никель",18 190 ₽,https://obi.ru/products/ljustra-freya-forte-6he14-nikel-5052437
"Подвес Freya Arellano кухонный 6хЕ14, белый",18 190 ₽,https://obi.ru/products/podves-freya-arellano-kuhonnyj-6he14-belyj-5052445
Потолочная люстра Vitaluce V4598-1/6PL черная 6ХE27Х60Вт,16 090 ₽,https://obi.ru/products/potolochnaja-ljustra-vitaluce-v4598-1-6pl-chernaja-6he27h60vt-4377081
Подвес 3х40WхE27 callow черный,18 390 ₽,https://obi.ru/products/podves-3h40whe27-callow-chernyj-5067677
Потолочная люстра De Markt Бриз 111013306,16 290 ₽,https://obi.ru/products/potolochnaja-ljustra-de-markt-briz-111013306-4579538
Люстра Арман 6х60W E14 220 V золотой,19 990 ₽,https://obi.ru/products/ljustra-arman-6h60w-e14-220-v-zolotoj-5726685
Подвесной светильник FR5206PL-06FG,17 990 ₽,https://obi.ru/products/podvesnoj-svetilnik-fr5206pl-06fg-5067630
Люстра Крайс 38W LED 220 V бронзовый,19 490 ₽,https://obi.ru/products/ljustra-krajs-38w-led-220-v-bronzovyj-5726694
Подвесной светильник FR5189PL-09CH,17 390 ₽,https://obi.ru/products/podvesnoj-svetilnik-fr5189pl-09ch-5067628
Потолочная люстра MW-Light Восторг 242015206,8 649 ₽,https://obi.ru/products/potolochnaja-ljustra-mw-light-vostorg-242015206-3662756
Подвес кухонный EGLO BASILDON 43463,16 390 ₽,https://obi.ru/products/podves-kuhonnyj-eglo-basildon-43463-4803649
Подвесная люстра LEEK LE 062300-001,11 990 ₽,https://obi.ru/products/podvesnaja-ljustra-leek-le-062300-001-4587135
Подвесная люстра De City Аврора 371012208,13 590 ₽,https://obi.ru/products/podvesnaja-ljustra-de-city-avrora-371012208-4100103
Светодиодный светильник Vitaluce V4618-0/6S LEDХ85ВтХ3900-4200К,14 490 ₽,https://obi.ru/products/svetodiodnyj-svetilnik-vitaluce-v4618-0-6s-ledh85vth3900-4200k-4809471
Потолочная люстра De City Блеск 315013008,10 490 ₽,https://obi.ru/products/potolochnaja-ljustra-de-city-blesk-315013008-3873973
Подвесная люстра Arte Lamp MARGO A9317LM-5AB,12 290 ₽,https://obi.ru/products/podvesnaja-ljustra-arte-lamp-margo-a9317lm-5ab-4374658
Люстра FR5184PL-06BS,15 990 ₽,https://obi.ru/products/ljustra-fr5184pl-06bs-5067624
Подвесная люстра Vitaluce V1161/6 коричневая 6ХE14Х40Вт,11 690 ₽,https://obi.ru/products/podvesnaja-ljustra-vitaluce-v1161-6-korichnevaja-6he14h40vt-3756897
Люстра Бриз 9х60W G9 220 V золотой,17 990 ₽,https://obi.ru/products/ljustra-briz-9h60w-g9-220-v-zolotoj-5726687
Люстра Оскар 88W+2W LED 220 V (пульт) золотой,17 990 ₽,https://obi.ru/products/ljustra-oskar-88w-2w-led-220-v-pult-zolotoj-5726704
Люстра pollux 6хE27х40 Вт золото 42х22х42 см,12 290 ₽,https://obi.ru/products/ljustra-pollux-6he27h40-vt-zoloto-42h22h42-sm-5001626
Потолочная люстра De City Олимпия 638014908,13 190 ₽,https://obi.ru/products/potolochnaja-ljustra-de-city-olimpija-638014908-4375705
"Подвес WINKWORTH с регулировкой высоты, 2х40W (E27), черный",15 990 ₽,https://obi.ru/products/podves-winkworth-s-regulirovkoj-vysoty-2h40w-e27-chernyj-5067675
Подвесной светильник FR8014PL-04BS,15 690 ₽,https://obi.ru/products/podvesnoj-svetilnik-fr8014pl-04bs-5067706
Светодиодный светильник Vitaluce V4618-1/6S LEDХ85ВтХ3900-4200К,14 490 ₽,https://obi.ru/products/svetodiodnyj-svetilnik-vitaluce-v4618-1-6s-ledh85vth3900-4200k-4809489
Люстра БРИЗ 5хE27х60 Вт латунь 60х60х56 см,12 790 ₽,https://obi.ru/products/ljustra-briz-5he27h60-vt-latun-60h60h56-sm-5001280
Подвесная люстра De City Бриз 111014205,14 090 ₽,https://obi.ru/products/podvesnaja-ljustra-de-city-briz-111014205-4807145
"Люстра потолочная Rivoli Brittany черный, золото",15 290 ₽,https://obi.ru/products/ljustra-potolochnaja-rivoli-brittany-chernyj-zoloto-5068796
Потолочная люстра Leek BELLA LE062200-008,12 990 ₽,https://obi.ru/products/potolochnaja-ljustra-leek-bella-le062200-008-4376265
"Подвесной MADRESELVA 43546, 3Х28W, E27, L1190, B140, H1100, сталь/дерево/стекло",15 190 ₽,https://obi.ru/products/podvesnoj-madreselva-43546-3h28w-e27-l1190-b140-h1100-stal-derevo-steklo-5066719
Люстра Линген 7х40W E14 220 V хром,16 490 ₽,https://obi.ru/products/ljustra-lingen-7h40w-e14-220-v-hrom-5726696
Подвесная люстра Vitaluce V1667-0/5 белая 5ХE14Х40Вт,11 690 ₽,https://obi.ru/products/podvesnaja-ljustra-vitaluce-v1667-0-5-belaja-5he14h40vt-4096111
Люстра Крайс 30W LED 220 V белая,16 490 ₽,https://obi.ru/products/ljustra-krajs-30w-led-220-v-belaja-5726693
Потолочная люстра De City Грация 677011305,10 390 ₽,https://obi.ru/products/potolochnaja-ljustra-de-city-gracija-677011305-3956448
Люстра БРИЗ 4хE27х60 Вт хром 29х29х42 см,12 490 ₽,https://obi.ru/products/ljustra-briz-4he27h60-vt-hrom-29h29h42-sm-5001279
"Люстра светодиодная V54000DT-0/1S, LED 41Вт 2700-6500К 3440лм 13м² белый",14 990 ₽,https://obi.ru/products/ljustra-svetodiodnaja-v54000dt-0-1s-led-41vt-2700-6500k-3440lm-13m-belyj-5723856
Подвесная люстра Vitaluce V1180/5 белая 5ХE14Х40Вт,10 390 ₽,https://obi.ru/products/podvesnaja-ljustra-vitaluce-v1180-5-belaja-5he14h40vt-3872421
Потолочная люстра De Markt Вита 220012806,11 190 ₽,https://obi.ru/products/potolochnaja-ljustra-de-markt-vita-220012806-4579421
Подвес 4х40WхE27 redcliffe черный,14 790 ₽,https://obi.ru/products/podves-4h40whe27-redcliffe-chernyj-5067684
Подвес кухонный EGLO BASILDON 43462,13 590 ₽,https://obi.ru/products/podves-kuhonnyj-eglo-basildon-43462-4803631
Мачта осветительная аккумуляторная Greenworks 24 В без АКБ и З/У 3503207,14 990 ₽,https://obi.ru/products/machta-osvetitelnaja-akkumuljatornaja-greenworks-24-v-bez-akb-i-z-u-3503207-5715549
Потолочный светильник FR6119CL-L72W,9 949 ₽,https://obi.ru/products/potolochnyj-svetilnik-fr6119cl-l72w-5067901
Торшер EGLO UP 2 82844,7 599 ₽,https://obi.ru/products/torsher-eglo-up-2-82844-2199628
Потолочный светильник EGLO ANWICK 43313,12 190 ₽,https://obi.ru/products/potolochnyj-svetilnik-eglo-anwick-43313-4695540
Потолочная люстра Leek ASTERA LE062200-013,10 990 ₽,https://obi.ru/products/potolochnaja-ljustra-leek-astera-le062200-013-4376273
Потолочная люстра Lumion Wilma 4535/8C,11 390 ₽,https://obi.ru/products/potolochnaja-ljustra-lumion-wilma-4535-8c-4536918
Подвесная люстра Arte Lamp MATRIX A3064SP-12WH,11 490 ₽,https://obi.ru/products/podvesnaja-ljustra-arte-lamp-matrix-a3064sp-12wh-4374807
Подвесной светильник FR5332PL-06BZ,13 890 ₽,https://obi.ru/products/podvesnoj-svetilnik-fr5332pl-06bz-5067903
Люстра FR4166-PL-03C-BL,13 890 ₽,https://obi.ru/products/ljustra-fr4166-pl-03c-bl-5067626
Потолочная люстра Vitaluce V4724-1/8PL черная 8хE27 макс. 60Вт,10 690 ₽,https://obi.ru/products/potolochnaja-ljustra-vitaluce-v4724-1-8pl-chernaja-8he27-maks-60vt-4376950
Свет-к под патрон (люстра) LE CH ARTGLASS E14x8 (1),13 990 ₽,https://obi.ru/products/svet-k-pod-patron-ljustra-le-ch-artglass-e14x8-1-5068906
Подвесная люстра Vitaluce V5179-1/4S черная 4ХE14Х40Вт,10 190 ₽,https://obi.ru/products/podvesnaja-ljustra-vitaluce-v5179-1-4s-chernaja-4he14h40vt-4096178
"Люстра светодиодная V54010-1/1S, LED 31Вт 3900-4200К 2690лм 11м² черный",14 190 ₽,https://obi.ru/products/ljustra-svetodiodnaja-v54010-1-1s-led-31vt-3900-4200k-2690lm-11m-chernyj-5723858
"5603/75CL LEDIO LN23 028 белый, черный Люстра потолочная LED",11 490 ₽,https://obi.ru/products/5603-75cl-ledio-ln23-028-belyj-chernyj-ljustra-potolochnaja-led-5069105
Подвесная люстра Vitaluce V3983-0/5 белая 5ХE14Х40Вт,12 590 ₽,https://obi.ru/products/podvesnaja-ljustra-vitaluce-v3983-0-5-belaja-5he14h40vt-5071314
"Люстра светодиодная V54010-0/1S, LED 31Вт 3900-4200К 2690лм 11м² белый",14 190 ₽,https://obi.ru/products/ljustra-svetodiodnaja-v54010-0-1s-led-31vt-3900-4200k-2690lm-11m-belyj-5723857
Люстра платлинг 50W LED 220 V чёрная,14 990 ₽,https://obi.ru/products/ljustra-platling-50w-led-220-v-chjornaja-5727072
Люстра Платлинг 3х50W LED 220 V чёрная,14 990 ₽,https://obi.ru/products/ljustra-platling-50w-led-220-v-5727071
Потолочная люстра Rivoli Parte 5044-306,12 390 ₽,https://obi.ru/products/potolochnaja-ljustra-rivoli-parte-5044-306-4806220
Подвесной светильник EGLO TOWNSHEND 43132,11 890 ₽,https://obi.ru/products/podvesnoj-svetilnik-eglo-townshend-43132-4579959
Подвесная люстра De City Ариадна 450015405,9 599 ₽,https://obi.ru/products/podvesnaja-ljustra-de-city-ariadna-450015405-3993128
"5603/63CL LEDIO LN23 028 белый, золотой Люстра потолочная LED",11 490 ₽,https://obi.ru/products/5603-63cl-ledio-ln23-028-belyj-zolotoj-ljustra-potolochnaja-led-5069104
"Люстра Freya Avery 6хЕ14, белый",12 790 ₽,https://obi.ru/products/ljustra-freya-avery-6he14-belyj-5052435
5656/90CL LEDIO LN23 серый Люстра потолочная LED 90W 220V EVIN,10 990 ₽,https://obi.ru/products/5656-90cl-ledio-ln23-seryj-ljustra-potolochnaja-led-90w-220v-evin-5068931
Потолочная люстра Vitaluce V4382-0/6PL белая 6ХE27Х60Вт,9 449 ₽,https://obi.ru/products/potolochnaja-ljustra-vitaluce-v4382-0-6pl-belaja-6he27h60vt-4376794
Люстра БРИЗ 4хE27х60 Вт черное золото 71х71х41 см,11 290 ₽,https://obi.ru/products/ljustra-briz-4he27h60-vt-chernoe-zoloto-71h71h41-sm-5001278
"6507/88CL LEDIO LN23 белый, золотой Потолочный светильник LED 88W 220V ATLAS",12 590 ₽,https://obi.ru/products/6507-88cl-ledio-ln23-belyj-zolotoj-potolochnyj-svetilnik-led-88w-220v-atlas-5069103
Подвесной светильник EGLO VISERBELLA 97643,11 890 ₽,https://obi.ru/products/podvesnoj-svetilnik-eglo-viserbella-97643-4807285
Люстра Линген 5х60W E14 220 V хром,14 490 ₽,https://obi.ru/products/ljustra-lingen-5h60w-e14-220-v-hrom-5726695
Потолочный светильник FR5328CL-08B,12 990 ₽,https://obi.ru/products/potolochnyj-svetilnik-fr5328cl-08b-5067907
Подвес 3х40WхE27 chisle черный,12 990 ₽,https://obi.ru/products/podves-3h40whe27-chisle-chernyj-5067678
ЛЮСТРА 1ХLEDХ65ВТ FRODO БЕЛ ПУЛЬТ,12 090 ₽,https://obi.ru/products/ljustra-1hledh65vt-frodo-bel-pult-5070956
Подвесная люстра Vitaluce V4835-1/5 черная 5ХE14Х40Вт,11 490 ₽,https://obi.ru/products/podvesnaja-ljustra-vitaluce-v4835-1-5-chernaja-5he14h40vt-4696100
Датчик движения без нейтрали Etika 250 Вт антрацит,11 290 ₽,https://obi.ru/products/datchik-dvizhenija-bez-nejtrali-etika-250-vt-antracit-4487658
ЛЮСТРА 1ХLEDХ65ВТ FRODO ЧЕРН ПУЛЬТ,11 790 ₽,https://obi.ru/products/ljustra-1hledh65vt-frodo-chern-pult-5070957
"Люстра потолочная Rivoli Marika черный, золото",11 390 ₽,https://obi.ru/products/ljustra-potolochnaja-rivoli-marika-chernyj-zoloto-5068791
Подвесная люстра Vitaluce V4922-1/3S черная 3ХE27Х40Вт,10 890 ₽,https://obi.ru/products/podvesnaja-ljustra-vitaluce-v4922-1-3s-chernaja-3he27h40vt-4809547
Люстра FR5184PL-06CH,12 390 ₽,https://obi.ru/products/ljustra-fr5184pl-06ch-5067625
"Светильник потолочный светодиодный Rivoli Jenny белый 38Х6,5",10 190 ₽,https://obi.ru/products/svetilnik-potolochnyj-svetodiodnyj-rivoli-jenny-belyj-38h6-5-5068813
Люстра Платлинг 40W LED 220 V золотой,13 990 ₽,https://obi.ru/products/ljustra-platling-40w-led-220-v-zolotoj-5727070
Подвесная люстра Vitaluce V3983-1/5 черная 5ХE14Х40Вт,12 590 ₽,https://obi.ru/products/podvesnaja-ljustra-vitaluce-v3983-1-5-chernaja-5he14h40vt-5071315
"Торшер Eglo Egidonella LED 20,5 Вт, черный",11 990 ₽,https://obi.ru/products/torsher-eglo-egidonella-led-20-5-vt-chernyj-5049063
"Потолочная люстра Vitaluce V3232/5PL, 5xE14 макс. 40Вт, плафон ПП",5 699 ₽,https://obi.ru/products/potolochnaja-ljustra-vitaluce-v3232-5pl-5xe14-maks-40vt-plafon-pp-3438868
"6507/80CL LEDIO LN23 белый, синий Потолочный светильник LED 80W 220V ATLAS",12 590 ₽,https://obi.ru/products/6507-80cl-ledio-ln23-belyj-sinij-potolochnyj-svetilnik-led-80w-220v-atlas-5069102
Подвесной светильник FR5333PL-01W,10 990 ₽,https://obi.ru/products/podvesnoj-svetilnik-fr5333pl-01w-5067941
Подвесная люстра De City Ариадна 450018103,7 999 ₽,https://obi.ru/products/podvesnaja-ljustra-de-city-ariadna-450018103-3993136
Люстра ФЛОРА 8хE14х40 Вт состаренная латунь 24х24х72 см,11 290 ₽,https://obi.ru/products/ljustra-flora-8he14h40-vt-sostarennaja-latun-24h24h72-sm-5001300
Люстра Арман 5х60W E14 220 V бронзовый,13 490 ₽,https://obi.ru/products/ljustra-arman-5h60w-e14-220-v-bronzovyj-5726683
"Подвес BLACKWATER 43093, 5х60W (E27), Ø580, H1500, сталь, черный",12 590 ₽,https://obi.ru/products/podves-blackwater-43093-5h60w-e27-o580-h1500-stal-chernyj-5070617
"Подвес SABALETE 98364, 3х40W (E27), Ø465, H1100, сталь",12 590 ₽,https://obi.ru/products/podves-sabalete-98364-3h40w-e27-o465-h1100-stal-5070661
Светильник потолочный светодиодный Rivoli Lydia белый,9 649 ₽,https://obi.ru/products/svetilnik-potolochnyj-svetodiodnyj-rivoli-lydia-belyj-5068812
Подвесной светильник EGLO TROY 3 85978,7 449 ₽,https://obi.ru/products/podvesnoj-svetilnik-eglo-troy-3-85978-3874419
Потолочная люстра De City Моника 372015108,9 549 ₽,https://obi.ru/products/potolochnaja-ljustra-de-city-monika-372015108-4806758
Потолочная люстра De Markt Федерика 684012505,8 499 ₽,https://obi.ru/products/potolochnaja-ljustra-de-markt-federika-684012505-4579561
Светильник под патрон (люстра) Leek LE CH JAZZ G9x5,11 890 ₽,https://obi.ru/products/svetilnik-pod-patron-ljustra-leek-le-ch-jazz-g9x5-5061919
Потолочная люстра De City Оливия 306013805,9 049 ₽,https://obi.ru/products/potolochnaja-ljustra-de-city-olivija-306013805-4375804
Потолочный светильник FR5331CL-06CH,11 890 ₽,https://obi.ru/products/potolochnyj-svetilnik-fr5331cl-06ch-5067904
Потолочный встраиваемый светильник Luminarte Led DLUSWH-DLL5W,389 ₽,https://obi.ru/products/potolochnyj-vstraivaemyj-svetilnik-luminarte-led-dluswh-dll5w-3799525
Люстра Платлинг 40W LED 220 V белая,12 990 ₽,https://obi.ru/products/ljustra-platling-40w-led-220-v-belaja-5727069
"Люстра потолочная Rivoli Elizabeth черный, светлое дерево",11 790 ₽,https://obi.ru/products/ljustra-potolochnaja-rivoli-elizabeth-chernyj-svetloe-derevo-5068795
Подвесная люстра De City Аврора 371010905,7 549 ₽,https://obi.ru/products/podvesnaja-ljustra-de-city-avrora-371010905-3993110
Подвесная люстра Vitaluce V1161-0/6 белая 6ХE14Х40Вт,11 690 ₽,https://obi.ru/products/podvesnaja-ljustra-vitaluce-v1161-0-6-belaja-6he14h40vt-5071316
Подвесной светильник EGLO ESTEPERRA 99273,10 190 ₽,https://obi.ru/products/podvesnoj-svetilnik-eglo-esteperra-99273-4807277
Уличный светильник на солнечной батарее ЭРА ERAKSC60-02 IP65 с датчиком движения,9 649 ₽,https://obi.ru/products/ulichnyj-svetilnik-na-solnechnoj-bataree-jera-eraksc60-02-ip65-s-datchikom-dvizhenija-4818647
Люстра DE CITY 8хE14х60 Вт белая 63х63х70 см,10 690 ₽,https://obi.ru/products/ljustra-de-city-8he14h60-vt-belaja-63h63h70-sm-5001721
Потолочный светильник FR5327CL-08BZ,10 990 ₽,https://obi.ru/products/potolochnyj-svetilnik-fr5327cl-08bz-5067906
Бра EGLO 1x40ВтxE27 staiti1 240х500 мм,10 890 ₽,https://obi.ru/products/bra-eglo-1x40vtxe27-staiti1-240h500-mm-5001341
Люстра Блеск 8х40W E14 220 V,10 790 ₽,https://obi.ru/products/ljustra-blesk-8h40w-e14-220-v-5067623
Светодиодная лампа ЭРА Стандарт GU5.3 6 Вт рефлекторная 480 лм 4000 К,66 ₽,https://obi.ru/products/svetodiodnaja-lampa-jera-standart-gu5-3-6-vt-reflektornaja-480-lm-4000-k-3406766
Люстра Оскар 3X19W+2W LED 220 V (пульт) золотой,12 490 ₽,https://obi.ru/products/ljustra-oskar-3x19w-2w-led-220-v-pult-zolotoj-5726703
Люстра Арман 6х40W E14 220 V хром,12 490 ₽,https://obi.ru/products/ljustra-arman-6h40w-e14-220-v-hrom-5726684
Торшер ELBA 1хE27х60 Вт бронза 38х150х38 см,8 699 ₽,https://obi.ru/products/torsher-elba-1he27h60-vt-bronza-38h150h38-sm-5001678
Свет-к под патрон (люстра) LE CH ELEN G4x6 (1),10 990 ₽,https://obi.ru/products/svet-k-pod-patron-ljustra-le-ch-elen-g4x6-1-5068903
Потолочный светильник FR6083CL-L106WB,9 999 ₽,https://obi.ru/products/potolochnyj-svetilnik-fr6083cl-l106wb-5067713
Подвес 1х60WхE27 embleton 1 черный,11 490 ₽,https://obi.ru/products/podves-1h60whe27-embleton-1-chernyj-5067669
Светильник светодиодный 3019/EL WOODI 72 Вт с ДУ 49 см белый,8 849 ₽,https://obi.ru/products/svetilnik-svetodiodnyj-3019-el-woodi-72-vt-s-du-49-sm-belyj-4606976
Люстра Мадлен 120W LED 220 V,6 499 ₽,https://obi.ru/products/ljustra-madlen-120w-led-220-v-5067631
Спот EGLO VALBIANO 97538,8 799 ₽,https://obi.ru/products/spot-eglo-valbiano-97538-4392882
Светильник уличный Eglo Aloria 93408 черный 1 х 60 Вт,5 599 ₽,https://obi.ru/products/svetilnik-ulichnyj-eglo-aloria-93408-chernyj-1-h-60-vt-3630928
Потолочный светильник FR6119CL-L60W,8 399 ₽,https://obi.ru/products/potolochnyj-svetilnik-fr6119cl-l60w-5067900
Подвесная люстра Vitaluce V3808-7/5 коричневая 5ХE14Х40Вт,8 549 ₽,https://obi.ru/products/podvesnaja-ljustra-vitaluce-v3808-7-5-korichnevaja-5he14h40vt-4376992
Потолочная люстра De City Ариадна 105010505,9 349 ₽,https://obi.ru/products/potolochnaja-ljustra-de-city-ariadna-105010505-4806717
Люстра Каталина 6х60W E14 220 V,10 990 ₽,https://obi.ru/products/ljustra-katalina-6h60w-e14-220-v-5067619
Подвесной светильник 33 Идеи PND.115.05.06.004.DC,8 949 ₽,https://obi.ru/products/podvesnoj-svetilnik-33-idei-pnd-115-05-06-004-dc-4414199
Подвесная люстра SONEX Wilma 4535/5C,6 999 ₽,https://obi.ru/products/podvesnaja-ljustra-sonex-wilma-4535-5c-4536900
Бра 1х40WхE27 matlock черн/серый,11 190 ₽,https://obi.ru/products/bra-1h40whe27-matlock-chern-seryj-5067554
Потолочная люстра Vitaluce V4382-1/6PL черная 6ХE27Х60Вт,8 149 ₽,https://obi.ru/products/potolochnaja-ljustra-vitaluce-v4382-1-6pl-chernaja-6he27h60vt-4376802
Потолочная люстра Vitaluce V4188-0/6PL белая 6ХE27Х40Вт,9 699 ₽,https://obi.ru/products/potolochnaja-ljustra-vitaluce-v4188-0-6pl-belaja-6he27h40vt-5071318
Светильник под патрон (люстра) Leek LE CH ILLUSION Е27x7,10 390 ₽,https://obi.ru/products/svetilnik-pod-patron-ljustra-leek-le-ch-illusion-e27x7-5061918
Потолочный светильник EGLO VISERBELLA 97641,7 499 ₽,https://obi.ru/products/potolochnyj-svetilnik-eglo-viserbella-97641-4807293
Светильник под патрон (люстра) Leek LE CH FIONA Е14x4,9 699 ₽,https://obi.ru/products/svetilnik-pod-patron-ljustra-leek-le-ch-fiona-e14x4-5061917
Люминесцентная лампа OSRAM BASIC G13 Т8 36 Вт 2850 лм 4000 К трубка,109 ₽,https://obi.ru/products/ljuminescentnaja-lampa-osram-basic-g13-t8-36-vt-2850-lm-4000-k-trubka-2451268
Подвесной светильник EGLO TARBES 94189,7 099 ₽,https://obi.ru/products/podvesnoj-svetilnik-eglo-tarbes-94189-4097903
Люстра Норден 48W LED 220 V,11 890 ₽,https://obi.ru/products/ljustra-norden-48w-led-220-v-5729667
Подвесная люстра Vitaluce V4265-1/3S черная 3ХE14Х40Вт,8 599 ₽,https://obi.ru/products/podvesnaja-ljustra-vitaluce-v4265-1-3s-chernaja-3he14h40vt-5071334
Бра EGLO PASTERI 96484,8 399 ₽,https://obi.ru/products/bra-eglo-pasteri-96484-4807319
Люстра Норден 118W LED 220 V (пульт) белая,11 990 ₽,https://obi.ru/products/ljustra-norden-118w-led-220-v-pult-belaja-5726699
Подвес EGLO 1x40ВтxE27 maseta 1100х225 мм,10 390 ₽,https://obi.ru/products/podves-eglo-1x40vtxe27-maseta-1100h225-mm-5001351
Подвесной светильник FR5333PL-03W,9 999 ₽,https://obi.ru/products/podvesnoj-svetilnik-fr5333pl-03w-5067949
Уличный фонарь EGLO RAVELLO 98724 IP44,9 599 ₽,https://obi.ru/products/ulichnyj-fonar-eglo-ravello-98724-ip44-4754263
"Люстра Lumion Geneva 6xE27 40 Вт 47x47x100 см, золотистый",9 999 ₽,https://obi.ru/products/ljustra-lumion-geneva-6xe27-40-vt-47x47x100-sm-zolotistyj-5001768
Подвесная люстра Vitaluce V4750-1/12 черная 12ХE27Х60Вт,7 999 ₽,https://obi.ru/products/podvesnaja-ljustra-vitaluce-v4750-1-12-chernaja-12he27h60vt-4414405
Светодиодная лампа ЭРА Стандарт GU5.3 6 Вт рефлекторная 480 лм 2700 К,66 ₽,https://obi.ru/products/svetodiodnaja-lampa-jera-standart-gu5-3-6-vt-reflektornaja-480-lm-2700-k-3406857
Люстра АЛЬФА 5хE27х60 Вт состаренная латунь 22х22х66 см,10 290 ₽,https://obi.ru/products/ljustra-alfa-5he27h60-vt-sostarennaja-latun-22h22h66-sm-5001276
Потолочная люстра Leek KAILA LE062200-017 5xLED,8 599 ₽,https://obi.ru/products/potolochnaja-ljustra-leek-kaila-le062200-017-5xled-4809968
"Люстра ""Норден"" 138 Вт, LED, 220 В (с пультом)",11 690 ₽,https://obi.ru/products/ljustra-norden-138-vt-led-220-v-s-pultom-5729666
Потолочная люстра Leek GAMMA LE062200-016 5xLED,8 999 ₽,https://obi.ru/products/potolochnaja-ljustra-leek-gamma-le062200-016-5xled-4809950
Люстра Норден 138W LED 220 V (пульт),11 690 ₽,https://obi.ru/products/ljustra-norden-138w-led-220-v-pult-5729665
Подвесной светильник EGLO TARBES 94191,7 499 ₽,https://obi.ru/products/podvesnoj-svetilnik-eglo-tarbes-94191-4097911
"Подвес Lumion Wanda 3xG9x40 Вт 25x25x20 см, медный",9 999 ₽,https://obi.ru/products/podves-lumion-wanda-3xg9x40-vt-25x25x20-sm-mednyj-5001787
Спот Vitaluce V4589-1/3PL черный 3ХE27Х60Вт,8 349 ₽,https://obi.ru/products/spot-vitaluce-v4589-1-3pl-chernyj-3he27h60vt-4393138
Потолочный светильник Ledio LED 90W 220V 3000-6000K BRIDGE,10 490 ₽,https://obi.ru/products/potolochnyj-svetilnik-ledio-led-90w-220v-3000-6000k-bridge-5728463
Подвесная люстра EGLO PRIDDY 49465,8 599 ₽,https://obi.ru/products/podvesnaja-ljustra-eglo-priddy-49465-4579835
Галогенная лампа ЭРА GU10 35 Вт рефлекторная 525 лм,119 ₽,https://obi.ru/products/galogennaja-lampa-jera-gu10-35-vt-reflektornaja-525-lm-2718807
Бра EGLO PASTERI 96478,8 399 ₽,https://obi.ru/products/bra-eglo-pasteri-96478-4804712
Люминесцентная лампа OSRAM G13 Т8 36 Вт 2600 лм 6500 К трубка,109 ₽,https://obi.ru/products/ljuminescentnaja-lampa-osram-g13-t8-36-vt-2600-lm-6500-k-trubka-2451607
"Люстра ""Норден"" 116 Вт, LED, 220 В (с пультом)",11 590 ₽,https://obi.ru/products/ljustra-norden-116-vt-led-220-v-s-pultom-5729632
Потолочная люстра De City Тетро 673017106,7 399 ₽,https://obi.ru/products/potolochnaja-ljustra-de-city-tetro-673017106-4806956
Потолочная люстра De Markt Альфа 324015505,6 799 ₽,https://obi.ru/products/potolochnaja-ljustra-de-markt-alfa-324015505-4579405
Светодиодная лампа ЭРА Стандарт Е14 7 Вт 560 лм 2700 К свеча,107 ₽,https://obi.ru/products/svetodiodnaja-lampa-jera-standart-e14-7-vt-560-lm-2700-k-svecha-3406865
Подвесная люстра Vitaluce V4884-1/5S черная 5ХE27Х40Вт,9 749 ₽,https://obi.ru/products/podvesnaja-ljustra-vitaluce-v4884-1-5s-chernaja-5he27h40vt-5001525
Люстра Дэла 6х60W E14 220 V чёрная,11 490 ₽,https://obi.ru/products/ljustra-djela-6h60w-e14-220-v-chjornaja-5726692
Подвесная люстра Vitaluce V3807-0/5 белая 5ХE14Х40Вт,8 549 ₽,https://obi.ru/products/podvesnaja-ljustra-vitaluce-v3807-0-5-belaja-5he14h40vt-4743373
Подвесная люстра Vitaluce V4922-7/3S бронзовая 3ХE27Х40Вт,8 799 ₽,https://obi.ru/products/podvesnaja-ljustra-vitaluce-v4922-7-3s-bronzovaja-3he27h40vt-4809554
"Люстра потолочная Rivoli Georgiana белый, прозрачный",5 249 ₽,https://obi.ru/products/ljustra-potolochnaja-rivoli-georgiana-belyj-prozrachnyj-5068794
Подвес кухонный EGLO TOWNSHEND 32916,9 199 ₽,https://obi.ru/products/podves-kuhonnyj-eglo-townshend-32916-4803425
Люстра ГРАЦИЯ 6хE27х60 Вт белый хром 17х17х72 см,7 799 ₽,https://obi.ru/products/ljustra-gracija-6he27h60-vt-belyj-hrom-17h17h72-sm-5001286
Светодиодная лампа ЭРА Стандарт GU10 6 Вт рефлекторная 480 лм 4000 К,109 ₽,https://obi.ru/products/svetodiodnaja-lampa-jera-standart-gu10-6-vt-reflektornaja-480-lm-4000-k-3406782
Потолочный светильник FR5327CL-06BZ,8 699 ₽,https://obi.ru/products/potolochnyj-svetilnik-fr5327cl-06bz-5067902
Настольная лампа Vitaluce V1794-0/1L белая 1ХE27Х60Вт,6 899 ₽,https://obi.ru/products/nastolnaja-lampa-vitaluce-v1794-0-1l-belaja-1he27h60vt-4142485
Подвес кухонный EGLO TOWNSHEND 43131,8 799 ₽,https://obi.ru/products/podves-kuhonnyj-eglo-townshend-43131-4803458
Потолочный светильник FR5328CL-06B,9 999 ₽,https://obi.ru/products/potolochnyj-svetilnik-fr5328cl-06b-5067905
Свет-к под патрон (люстра) LE CH LUCIA E14x6 (1),9 999 ₽,https://obi.ru/products/svet-k-pod-patron-ljustra-le-ch-lucia-e14x6-1-5068904
Потолочная люстра Vitaluce V4261-1/10PL черная 10ХE27Х60Вт,6 299 ₽,https://obi.ru/products/potolochnaja-ljustra-vitaluce-v4261-1-10pl-chernaja-10he27h60vt-4142386
Подвесная люстра Vitaluce V4784-1/3S черная 3ХE27Х40Вт,9 099 ₽,https://obi.ru/products/podvesnaja-ljustra-vitaluce-v4784-1-3s-chernaja-3he27h40vt-5001580
Светильник подвесной Rivoli Elfriede античная бронза 8Х80,9 399 ₽,https://obi.ru/products/svetilnik-podvesnoj-rivoli-elfriede-antichnaja-bronza-8h80-5068806
Светильник потолочный светодиодный Rivoli Jenny белый,7 999 ₽,https://obi.ru/products/svetilnik-potolochnyj-svetodiodnyj-rivoli-jenny-belyj-5068810
Потолочная люстра De Markt Ариадна 450019805,7 499 ₽,https://obi.ru/products/potolochnaja-ljustra-de-markt-ariadna-450019805-4579322
Потолочная люстра De City Альфа 324017505,8 149 ₽,https://obi.ru/products/potolochnaja-ljustra-de-city-alfa-324017505-4806949
Настенно-потолочный светильник Sonex Tora 2012/EL с пультом ДУ,5 870 ₽,https://obi.ru/products/nastenno-potolochnyj-svetilnik-sonex-tora-2012-el-s-pultom-du-4257093
Люстра АКЦЕНТ 6хE27х60 Вт золото 78х53х16 см,8 149 ₽,https://obi.ru/products/ljustra-akcent-6he27h60-vt-zoloto-78h53h16-sm-5001273
"Люстра ""Норден"" 48 Вт, LED, 220 В",10 790 ₽,https://obi.ru/products/ljustra-norden-48-vt-led-220-v-5729668
Потолочная люстра Vitaluce V4196-1/6PL черная 6ХE27Х40Вт,3 999 ₽,https://obi.ru/products/potolochnaja-ljustra-vitaluce-v4196-1-6pl-chernaja-6he27h40vt-4096145
Светодиодный светильник Vitaluce V4691-1/2S черный LEDХ25ВтХ3900-4200К,9 849 ₽,https://obi.ru/products/svetodiodnyj-svetilnik-vitaluce-v4691-1-2s-chernyj-ledh25vth3900-4200k-5071341
Свет-к под патрон (люстра) LE CH ARTGLASS E14x6 (1,9 999 ₽,https://obi.ru/products/svet-k-pod-patron-ljustra-le-ch-artglass-e14x6-1-5068902
Подвес EGLO 1x40ВтxE27 calmanera 1100х325 мм,9 499 ₽,https://obi.ru/products/podves-eglo-1x40vtxe27-calmanera-1100h325-mm-5001349
"Светильник потолочный ANKAA, LEDX55ВТX2200LM, 3000-7000K",7 999 ₽,https://obi.ru/products/svetilnik-potolochnyj-ankaa-ledx55vtx2200lm-3000-7000k-5075506
Потолочная люстра Vitaluce V4930-1/5PL черная 5ХE14Х40Вт,8 849 ₽,https://obi.ru/products/potolochnaja-ljustra-vitaluce-v4930-1-5pl-chernaja-5he14h40vt-5001527
Потолочная люстра De City Олимп 318014905,6 349 ₽,https://obi.ru/products/potolochnaja-ljustra-de-city-olimp-318014905-4806998
Светодиодная лента ЭРА N2835-120-IP67-220V-20m-2700 120 шт IP67 220В белый 20 м,7 399 ₽,https://obi.ru/products/svetodiodnaja-lenta-jera-n2835-120-ip67-220v-20m-2700-120-sht-ip67-220v-belyj-20-m-4404554
Светодиодный светильник Vitaluce V4691-0/2S белый LEDХ25ВтХ3900-4200К,9 849 ₽,https://obi.ru/products/svetodiodnyj-svetilnik-vitaluce-v4691-0-2s-belyj-ledh25vth3900-4200k-5071340
Подвесная люстра Vitaluce V4425-1/3S черная 3ХE27Х60Вт,7 199 ₽,https://obi.ru/products/podvesnaja-ljustra-vitaluce-v4425-1-3s-chernaja-3he27h60vt-4376851
"Подвес EGLO кухонный 3хE27 60 Вт tarbes 110х31 см, золотистый",9 399 ₽,https://obi.ru/products/podves-eglo-kuhonnyj-3he27-60-vt-tarbes-110h31-sm-zolotistyj-5001365
Подвесная люстра Vitaluce V4383-1/3S черная 3ХE27Х60Вт,7 299 ₽,https://obi.ru/products/podvesnaja-ljustra-vitaluce-v4383-1-3s-chernaja-3he27h60vt-4376810
"Подвесной потолочный светильник TARBES, 3Х60W, E27, сталь, матовая золотистый",9 399 ₽,https://obi.ru/products/podvesnoj-potolochnyj-svetilnik-tarbes-3h60w-e27-stal-matovaja-zolotistyj-5001366
Светодиодная лента ЭРА N2835-120-IP67-220V-20m-6500 120 шт IP67 220В белый 20 м,7 399 ₽,https://obi.ru/products/svetodiodnaja-lenta-jera-n2835-120-ip67-220v-20m-6500-120-sht-ip67-220v-belyj-20-m-4404547
Светодиодная лента ЭРА N2835-120-IP67-220V-20m-B 120 шт IP67 220 В синий 20 м,7 399 ₽,https://obi.ru/products/svetodiodnaja-lenta-jera-n2835-120-ip67-220v-20m-b-120-sht-ip67-220-v-sinij-20-m-4404562
Люстра Бриз 6х60W E14 220 V,8 049 ₽,https://obi.ru/products/ljustra-briz-6h60w-e14-220-v-5067618
Торшер ELBA 1хE27х60 Вт хром 38х150х38 см,8 699 ₽,https://obi.ru/products/torsher-elba-1he27h60-vt-hrom-38h150h38-sm-5001679
Подвес 2x60WхE27 pompeya черный,9 599 ₽,https://obi.ru/products/podves-2x60whe27-pompeya-chernyj-5067674
Потолочный светильник Ledio LED 80W 220V 3000-6000K BRIDGE,9 999 ₽,https://obi.ru/products/potolochnyj-svetilnik-ledio-led-80w-220v-3000-6000k-bridge-5728462
Уличный светильник EGLO RAVELLO 98722 IP44 с датчиком движения,8 199 ₽,https://obi.ru/products/ulichnyj-svetilnik-eglo-ravello-98722-ip44-s-datchikom-dvizhenija-4754248
Люминесцентная лампа OSRAM G13 18 Вт 1200 лм 4000 К трубка,109 ₽,https://obi.ru/products/ljuminescentnaja-lampa-osram-g13-18-vt-1200-lm-4000-k-trubka-2451227
Настенно-потолочный светильник Sonex SLOT 3028/EL,6 599 ₽,https://obi.ru/products/nastenno-potolochnyj-svetilnik-sonex-slot-3028-el-4607008
Потолочная люстра Vitaluce V3797-1/9PL черная 9ХE27Х40ВТ,9 149 ₽,https://obi.ru/products/potolochnaja-ljustra-vitaluce-v3797-1-9pl-chernaja-9he27h40vt-5067647
"Светильник потолочный SHELIAK, LEDX56ВТX2800LM, 3000-7000K",8 999 ₽,https://obi.ru/products/svetilnik-potolochnyj-sheliak-ledx56vtx2800lm-3000-7000k-5075507
Светодиодная лампа ЭРА Стандарт GU5.3 4 Вт рефлекторная 320 лм 2700 K,88 ₽,https://obi.ru/products/svetodiodnaja-lampa-jera-standart-gu5-3-4-vt-reflektornaja-320-lm-2700-k-3406816
"Люстра АКЦЕНТ 6хE27х60 Вт белый хром 20х20,5х72 см",8 649 ₽,https://obi.ru/products/ljustra-akcent-6he27h60-vt-belyj-hrom-20h20-5h72-sm-5001272
Галогенная лампа ЭРА GU10 50 Вт рефлекторная 800 лм,157 ₽,https://obi.ru/products/galogennaja-lampa-jera-gu10-50-vt-reflektornaja-800-lm-2718799
"Торшер PALBIETA, 2x3W(GU10-LED), сталь, черный/пластик, прозрачный",8 999 ₽,https://obi.ru/products/torsher-palbieta-2x3w-gu10-led-stal-chernyj-plastik-prozrachnyj-5070583
Люстра Merope 6хE27х40 Вт черная 28х27х75 см,8 499 ₽,https://obi.ru/products/ljustra-merope-6he27h40-vt-chernaja-28h27h75-sm-5001624
Подвесной светильник FR5330PL-03BZ,7 499 ₽,https://obi.ru/products/podvesnoj-svetilnik-fr5330pl-03bz-5067947
Подвес желтый провод 3хЕ27х75 Вт белый 118x26 см,9 049 ₽,https://obi.ru/products/podves-zheltyj-provod-3he27h75-vt-belyj-118x26-sm-5001779
Настенно-потолочный светильник Sonex LONA 3020/EL,6 999 ₽,https://obi.ru/products/nastenno-potolochnyj-svetilnik-sonex-lona-3020-el-4606992
Потолочный светильник Sonex LERBA GOLD 3032/EL с пультом ДУ,6 749 ₽,https://obi.ru/products/potolochnyj-svetilnik-sonex-lerba-gold-3032-el-s-pultom-du-4773644
Настенно-потолочный светильник Sonex Luaro 110/K,1 179 ₽,https://obi.ru/products/nastenno-potolochnyj-svetilnik-sonex-luaro-110-k-3137007
Светодиодная лента ЭРА N2835-120-IP67-220V-20m-R 120 шт IP67 220В красный 20 м,6 999 ₽,https://obi.ru/products/svetodiodnaja-lenta-jera-n2835-120-ip67-220v-20m-r-120-sht-ip67-220v-krasnyj-20-m-4404588
Подвесной светильник FR5179PL-06W,8 999 ₽,https://obi.ru/products/podvesnoj-svetilnik-fr5179pl-06w-5066397
Светодиодная люстра LED Vitaluce V3776-0/3S белая 3ХLEDХ39ВТ,8 999 ₽,https://obi.ru/products/svetodiodnaja-ljustra-led-vitaluce-v3776-0-3s-belaja-3hledh39vt-5067635
Светодиодная лампа Онлайт OLL-A60 Е27 15 Вт 1350 лм 2700 К груша,81 ₽,https://obi.ru/products/svetodiodnaja-lampa-onlajt-oll-a60-e27-15-vt-1350-lm-2700-k-grusha-4709929
Люстра ВИТА 6хE27х60 Вт белый хром 27х27х71 см,7 899 ₽,https://obi.ru/products/ljustra-vita-6he27h60-vt-belyj-hrom-27h27h71-sm-5001282
Потолочный светильник FR6083CL-L90WB,8 999 ₽,https://obi.ru/products/potolochnyj-svetilnik-fr6083cl-l90wb-5067714
Светодиодная люстра LED Vitaluce V3776-1/3S черная 3ХLEDХ39ВТ,8 999 ₽,https://obi.ru/products/svetodiodnaja-ljustra-led-vitaluce-v3776-1-3s-chernaja-3hledh39vt-5067648
Потолочная люстра De Markt Нежность 676014505,4 529 ₽,https://obi.ru/products/potolochnaja-ljustra-de-markt-nezhnost-676014505-4579462
Светильник уличный Eglo Aloria 93098 черный 1 х 60 Вт,3 699 ₽,https://obi.ru/products/svetilnik-ulichnyj-eglo-aloria-93098-chernyj-1-h-60-vt-3630878
Спот Vitaluce V4313-1/3PL черный 3ХE27Х60Вт,6 449 ₽,https://obi.ru/products/spot-vitaluce-v4313-1-3pl-chernyj-3he27h60vt-4393112
"Светодиодный модуль ЭРА LM-5-840-A1 120LED IP20 12В 5Вт 0,5 м",2 179 ₽,https://obi.ru/products/svetodiodnyj-modul-jera-lm-5-840-a1-120led-ip20-12v-5vt-0-5-m-3324290
"Светильник потолочный светодиодный Rivoli Abby белый 38Х6,5",8 799 ₽,https://obi.ru/products/svetilnik-potolochnyj-svetodiodnyj-rivoli-abby-belyj-38h6-5-5068811
Потолочная люстра De City Тетро 673017204,5 249 ₽,https://obi.ru/products/potolochnaja-ljustra-de-city-tetro-673017204-4806964
Настенный светильник (бра) FR5217WL-02FG,8 990 ₽,https://obi.ru/products/nastennyj-svetilnik-bra-fr5217wl-02fg-5067576
Бра LEEK LE 062300-004,5 999 ₽,https://obi.ru/products/bra-leek-le-062300-004-4587176
Люстра потолочная 5xE14x60 Вт металлическая белая 56x56x27 см,7 199 ₽,https://obi.ru/products/ljustra-potolochnaja-5xe14x60-vt-metallicheskaja-belaja-56x56x27-sm-5001241
Светодиодная лампа ЭРА Стандарт GU10 6 Вт рефлекторная 480 мл 2700 К,109 ₽,https://obi.ru/products/svetodiodnaja-lampa-jera-standart-gu10-6-vt-reflektornaja-480-ml-2700-k-3406741
Свет-к под патрон (люстра) LE CH MILAGROS G4x18 (1),8 799 ₽,https://obi.ru/products/svet-k-pod-patron-ljustra-le-ch-milagros-g4x18-1-5067897
Уличный фонарный столб EGLO LATERNA 4 22144,6 649 ₽,https://obi.ru/products/ulichnyj-fonarnyj-stolb-eglo-laterna-4-22144-4803326
Подвесной светильник 33 Идеи PND.105.03.01.001.WH-S.30.TR,6 849 ₽,https://obi.ru/products/podvesnoj-svetilnik-33-idei-pnd-105-03-01-001-wh-s-30-tr-4809885
Потолочная люстра De City Грация 677011903,3 349 ₽,https://obi.ru/products/potolochnaja-ljustra-de-city-gracija-677011903-3873916
Бра EGLO PINTO GOLD 97839,6 390 ₽,https://obi.ru/products/bra-eglo-pinto-gold-97839-4375390
"Подвес ADRI2 E27 2,8x60 Вт белый 78x30x110 мм",9 199 ₽,https://obi.ru/products/podves-adri2-e27-2-8x60-vt-belyj-78x30x110-mm-5070682
Светильник настенно-потолочный Sonex MOON 3084/EL 72 Вт 5000 лм с пультом ДУ,5 999 ₽,https://obi.ru/products/svetilnik-nastenno-potolochnyj-sonex-moon-3084-el-72-vt-5000-lm-s-pultom-du-4879912
Бра EGLO TREBURLEY 43184,6 799 ₽,https://obi.ru/products/bra-eglo-treburley-43184-4579975
Люстра Каталина 5х60W E14 220 V,8 649 ₽,https://obi.ru/products/ljustra-katalina-5h60w-e14-220-v-5067608
Потолочный светильник ЭРА Brilliance Б0030133 с пультом ДУ,5 449 ₽,https://obi.ru/products/potolochnyj-svetilnik-jera-brilliance-b0030133-s-pultom-du-4266383
Подвесная люстра Vitaluce V4267-1/3S черная 3ХE14Х40Вт,8 599 ₽,https://obi.ru/products/podvesnaja-ljustra-vitaluce-v4267-1-3s-chernaja-3he14h40vt-5071335
"Светильник потолочный NASHIRA, LEDX58ВТX2900LM, 3000-7000K",8 499 ₽,https://obi.ru/products/svetilnik-potolochnyj-nashira-ledx58vtx2900lm-3000-7000k-5075508
Закладная для натяжных потолков APEYRON 06-203 белая,90 ₽,https://obi.ru/products/zakladnaja-dlja-natjazhnyh-potolkov-apeyron-06-203-belaja-4818431
"Люстра потолочная ""Стиль"", 5хE27x60W, черный",9 499 ₽,https://obi.ru/products/ljustra-potolochnaja-stil-5he27x60w-chernyj-5725626
Люстра FR5069PL-06B,7 749 ₽,https://obi.ru/products/ljustra-fr5069pl-06b-5067892
Подвесная люстра Vitaluce V4361-1/3S черная 3ХE27Х60Вт,3 599 ₽,https://obi.ru/products/podvesnaja-ljustra-vitaluce-v4361-1-3s-chernaja-3he27h60vt-4142444
Светильник настенно-потолочный Rivoli Jamilly тонированный 80X10X17,7 699 ₽,https://obi.ru/products/svetilnik-nastenno-potolochnyj-rivoli-jamilly-tonirovannyj-80x10x17-5066529
Бра LUMION Nikki 3745/1A,4 999 ₽,https://obi.ru/products/bra-lumion-nikki-3745-1a-4376562
Потолочная люстра De City Олимпия 638014805,6 149 ₽,https://obi.ru/products/potolochnaja-ljustra-de-city-olimpija-638014805-4375697
Потолочная люстра De Markt Альфа 324014905,5 199 ₽,https://obi.ru/products/potolochnaja-ljustra-de-markt-alfa-324014905-4579504
Светильник уличный Eglo Aloria 93099 черный 1 х 60 Вт,3 299 ₽,https://obi.ru/products/svetilnik-ulichnyj-eglo-aloria-93099-chernyj-1-h-60-vt-3630886
Люстра ГРАЦИЯ 4хE27х60 Вт белый хром 68х33х18 см,6 949 ₽,https://obi.ru/products/ljustra-gracija-4he27h60-vt-belyj-hrom-68h33h18-sm-5001285
"Светильник подвесной ANKAA, LEDX56ВТX4500LM, 3000-7000K",8 299 ₽,https://obi.ru/products/svetilnik-podvesnoj-ankaa-ledx56vtx4500lm-3000-7000k-5075495
Лампа LED ЭРА стандарт 7Вт/60Вт GX53 рефлекторная холодный свет,101 ₽,https://obi.ru/products/lampa-led-jera-standart-7vt-60vt-gx53-reflektornaja-holodnyj-svet-3608361
Лампа LED ЭРА стандарт 7Вт/60Вт GX53 рефлекторная теплый свет,101 ₽,https://obi.ru/products/lampa-led-jera-standart-7vt-60vt-gx53-reflektornaja-teplyj-svet-3608379
Подвесная люстра Vitaluce V4640-1/3S черная 3ХGU10Х35Вт,7 799 ₽,https://obi.ru/products/podvesnaja-ljustra-vitaluce-v4640-1-3s-chernaja-3hgu10h35vt-5071337
Светодиодная лампа ЭРА MR16 GU5.3 4 Вт рефлекторная 320 лм 2700 К,89 ₽,https://obi.ru/products/svetodiodnaja-lampa-jera-mr16-gu5-3-4-vt-reflektornaja-320-lm-2700-k-3406725
Подвесной светильник FR8015PL-04BS,7 999 ₽,https://obi.ru/products/podvesnoj-svetilnik-fr8015pl-04bs-5067707
Люстра потолочная Apeyron Electrics декоративная E27 65х24 см,7 399 ₽,https://obi.ru/products/ljustra-potolochnaja-apeyron-electrics-dekorativnaja-e27-65h24-sm-5001261
Подвесной светильник FR5334PL-03B,8 599 ₽,https://obi.ru/products/podvesnoj-svetilnik-fr5334pl-03b-5067950
Подвесной светильник FR5334PL-03W,8 349 ₽,https://obi.ru/products/podvesnoj-svetilnik-fr5334pl-03w-5067948
Подвесная люстра Vitaluce V4853-1/3S черная 3ХE27Х40Вт,6 749 ₽,https://obi.ru/products/podvesnaja-ljustra-vitaluce-v4853-1-3s-chernaja-3he27h40vt-5001583
"Светильник потолочный MARSIC, LEDX48ВТX2400LM, 3000-7000K",8 299 ₽,https://obi.ru/products/svetilnik-potolochnyj-marsic-ledx48vtx2400lm-3000-7000k-5075503
Люстра АКЦЕНТ 6хE27х60 Вт хром 20х20х72 см,7 549 ₽,https://obi.ru/products/ljustra-akcent-6he27h60-vt-hrom-20h20h72-sm-5001274
Светильник светодиодный 3019/DL WOODI 48 Вт с ДУ 39 см белый,5 999 ₽,https://obi.ru/products/svetilnik-svetodiodnyj-3019-dl-woodi-48-vt-s-du-39-sm-belyj-4606968
Спот Vitaluce V4589-1/2PL черный 2ХE27Х60Вт,6 299 ₽,https://obi.ru/products/spot-vitaluce-v4589-1-2pl-chernyj-2he27h60vt-4393146
Светильник потолочный светодиодный Rivoli Abby белый,7 449 ₽,https://obi.ru/products/svetilnik-potolochnyj-svetodiodnyj-rivoli-abby-belyj-5068809
"Светильник потолочный SCHEAT, LEDX58ВТX2900LM, 3000-7000K",8 499 ₽,https://obi.ru/products/svetilnik-potolochnyj-scheat-ledx58vtx2900lm-3000-7000k-5075509
"Светодиодный модуль ЭРА LM-10,5-840-I1 120LED IP20 12В 10,5Вт 1 м",3 479 ₽,https://obi.ru/products/svetodiodnyj-modul-jera-lm-10-5-840-i1-120led-ip20-12v-10-5vt-1-m-3857307
Люстра led 4x80w бел баритон пульт 3-6к,4 929 ₽,https://obi.ru/products/ljustra-led-4x80w-bel-bariton-pult-3-6k-5072822
Лампа кольцевая Leek LED LE061401-0023 45 Вт,7 499 ₽,https://obi.ru/products/lampa-kolcevaja-leek-led-le061401-0023-45-vt-4880449
Подвесной светильник 33 Идеи PND.115.03.06.004.DC,6 299 ₽,https://obi.ru/products/podvesnoj-svetilnik-33-idei-pnd-115-03-06-004-dc-4414181
"Светильник потолочный ANKAA, LEDX55ВТX3200LM, 3000-7000K",7 999 ₽,https://obi.ru/products/svetilnik-potolochnyj-ankaa-ledx55vtx3200lm-3000-7000k-5075505
Потолочная люстра LedoLight Point M122/4A,4 399 ₽,https://obi.ru/products/potolochnaja-ljustra-ledolight-point-m122-4a-3992138
Светильник уличный Eglo Aloria 93407 черный 1 х 60 Вт,2 749 ₽,https://obi.ru/products/svetilnik-ulichnyj-eglo-aloria-93407-chernyj-1-h-60-vt-3630837
Подвесная люстра SONEX Wilma 4535/3C,4 599 ₽,https://obi.ru/products/podvesnaja-ljustra-sonex-wilma-4535-3c-4536892
Подвес 1х40WхE27 venezuela черн/золот,7 499 ₽,https://obi.ru/products/podves-1h40whe27-venezuela-chern-zolot-5067667
Потолочная люстра Vitaluce V4311-1/3PL черная 3ХE27Х60Вт,5 899 ₽,https://obi.ru/products/potolochnaja-ljustra-vitaluce-v4311-1-3pl-chernaja-3he27h60vt-4393096
Светодиодный светильник Vitaluce V3044-0/1S белый LEDХ38ВтХ3900-4200К,8 399 ₽,https://obi.ru/products/svetodiodnyj-svetilnik-vitaluce-v3044-0-1s-belyj-ledh38vth3900-4200k-5071321
"Люстра ""Норден"" 92 Вт, LED, 220 В (с пультом)",9 399 ₽,https://obi.ru/products/ljustra-norden-92-vt-led-220-v-s-pultom-5729636
Потолочная люстра De City Ариадна 105010603,6 949 ₽,https://obi.ru/products/potolochnaja-ljustra-de-city-ariadna-105010603-4806725
Светильник светодиодный потолочный EGLO FUEVA 5 99266 20 Вт 2300 Лм,5 799 ₽,https://obi.ru/products/svetilnik-svetodiodnyj-potolochnyj-eglo-fueva-5-99266-20-vt-2300-lm-4831798
"Светильник подвесной ALGEDI, LEDX55ВТX1600LM, 3000-7000K",8 299 ₽,https://obi.ru/products/svetilnik-podvesnoj-algedi-ledx55vtx1600lm-3000-7000k-5075494
"Светильник потолочный Sonex PALE LED с пультом ДУ 72Вт, золотисто-черный",7 099 ₽,https://obi.ru/products/svetilnik-potolochnyj-sonex-pale-led-s-pultom-du-72vt-zolotisto-chernyj-5055468
Люстра LED FREYA 63ВТ 4000К ЧЕРНЫЙ,6 499 ₽,https://obi.ru/products/ljustra-led-freya-63vt-4000k-chernyj-5074261
"5651/72CL LEDIO LN23 серый, дерево Люстра потолочная LED 72W 220V BRAD",7 699 ₽,https://obi.ru/products/5651-72cl-ledio-ln23-seryj-derevo-ljustra-potolochnaja-led-72w-220v-brad-5068928
"Светодиодный модуль ЭРА LM-3-840-A1 120LED IP20 12В 3Вт 0,3 м",1 399 ₽,https://obi.ru/products/svetodiodnyj-modul-jera-lm-3-840-a1-120led-ip20-12v-3vt-0-3-m-3324316
Свет-к под патрон (люстра) LE CH ELEN G4x4 (1),8 299 ₽,https://obi.ru/products/svet-k-pod-patron-ljustra-le-ch-elen-g4x4-1-5068898
"Светильник потолочный MARSIC, LEDX48ВТX2400LM, 3000-7000K черный",8 299 ₽,https://obi.ru/products/svetilnik-potolochnyj-marsic-ledx48vtx2400lm-3000-7000k-chernyj-5075504
"Светодиодный модуль ЭРА LM-8-840-A1 120LED IP20 12В 8Вт 0,8 м",3 299 ₽,https://obi.ru/products/svetodiodnyj-modul-jera-lm-8-840-a1-120led-ip20-12v-8vt-0-8-m-3857331
Люстра потолочная LedoLight M126/4 4хЕ27х60 Вт,4 299 ₽,https://obi.ru/products/ljustra-potolochnaja-ledolight-m126-4-4he27h60-vt-3992229
Подвес Vitaluce V2956-1/2S черный 2ХE27Х40Вт,5 649 ₽,https://obi.ru/products/podves-vitaluce-v2956-1-2s-chernyj-2he27h40vt-5001521
Потолочная люстра De City Моника 372015005,5 699 ₽,https://obi.ru/products/potolochnaja-ljustra-de-city-monika-372015005-4806741
Потолочный светильник FR6119CL-L48W,6 899 ₽,https://obi.ru/products/potolochnyj-svetilnik-fr6119cl-l48w-5067899
Потолочная люстра De City Нежность 676013405,4 379 ₽,https://obi.ru/products/potolochnaja-ljustra-de-city-nezhnost-676013405-4375721
Уличный светильник Wolta IP65 серый,5 999 ₽,https://obi.ru/products/ulichnyj-svetilnik-wolta-ip65-seryj-4511200
Торшер Vitaluce V3099-1/1P черный 1ХE27Х40Вт,7 349 ₽,https://obi.ru/products/torsher-vitaluce-v3099-1-1p-chernyj-1he27h40vt-5071423
Настенный светильник (бра) FR5198WL-01BS,8 099 ₽,https://obi.ru/products/nastennyj-svetilnik-bra-fr5198wl-01bs-5067577
Потолочная люстра LEEK LE 062300-002,5 499 ₽,https://obi.ru/products/potolochnaja-ljustra-leek-le-062300-002-4587168
Светильник настенно-потолочный Sonex SPACE 3085/EL 72 Вт 5000 лм с пультом ДУ,6 549 ₽,https://obi.ru/products/svetilnik-nastenno-potolochnyj-sonex-space-3085-el-72-vt-5000-lm-s-pultom-du-4879946
Подвесной светильник EGLO TROY 3 85977,2 649 ₽,https://obi.ru/products/podvesnoj-svetilnik-eglo-troy-3-85977-3874476
"Светильник потолочный Sonex PALE LED с пультом ДУ 72Вт, светло-серый",5 499 ₽,https://obi.ru/products/svetilnik-potolochnyj-sonex-pale-led-s-pultom-du-72vt-svetlo-seryj-5055534
"Люстра потолочная Rivoli Georgiana белый, прозрачный 56Х25",7 049 ₽,https://obi.ru/products/ljustra-potolochnaja-rivoli-georgiana-belyj-prozrachnyj-56h25-5068797
Люстра Блеск 5х40W E14 220 V,7 599 ₽,https://obi.ru/products/ljustra-blesk-5h40w-e14-220-v-5067607
"Бра Freya Basilica Е14, латунь",7 099 ₽,https://obi.ru/products/bra-freya-basilica-e14-latun-5052390
Настенно-потолочный светильник LedoLight Miracle LE 061202-014,4 999 ₽,https://obi.ru/products/nastenno-potolochnyj-svetilnik-ledolight-miracle-le-061202-014-4288411
Потолочная люстра De City Ариадна 105010805,6 549 ₽,https://obi.ru/products/potolochnaja-ljustra-de-city-ariadna-105010805-4807079
"Блок питания для светодиодной ленты Apeyron 03-115 250 Вт 24 В 10,4 А IP67",6 349 ₽,https://obi.ru/products/blok-pitanija-dlja-svetodiodnoj-lenty-apeyron-03-115-250-vt-24-v-10-4-a-ip67-4804639
Патрон подвесной REV 24526 1 E27 поливинилхлорид белый,23 ₽,https://obi.ru/products/patron-podvesnoj-rev-24526-1-e27-polivinilhlorid-belyj-2909661
Люстра FR2025PL-05CH,4 999 ₽,https://obi.ru/products/ljustra-fr2025pl-05ch-5065271
Светильник Sonex COLOR SN 98 пластик/темно-кор. LED 70 Вт NOHAVA BROWN,7 599 ₽,https://obi.ru/products/svetilnik-sonex-color-sn-98-plastik-temno-kor-led-70-vt-nohava-brown-5706278
Люстра ТЕТРО 6хE27х60 Вт белое золото 82х32х25 см,6 899 ₽,https://obi.ru/products/ljustra-tetro-6he27h60-vt-beloe-zoloto-82h32h25-sm-5001298
Спот EGLO VALBIANO 97537,5 699 ₽,https://obi.ru/products/spot-eglo-valbiano-97537-4392874
Настенный светильник ARTE Lamp ELECTRA A8233AP-1BK,6 299 ₽,https://obi.ru/products/nastennyj-svetilnik-arte-lamp-electra-a8233ap-1bk-4811196
Светодиодная лента ЭРА N2835-120-IP67-220V-20m-P 120 шт IP67 220В розовый 20 м,5 699 ₽,https://obi.ru/products/svetodiodnaja-lenta-jera-n2835-120-ip67-220v-20m-p-120-sht-ip67-220v-rozovyj-20-m-4404596
"Светодиодный модуль ЭРА LM-3-840-A1-addl 120LED IP20 12В 3Вт 0,3 м",1 029 ₽,https://obi.ru/products/svetodiodnyj-modul-jera-lm-3-840-a1-addl-120led-ip20-12v-3vt-0-3-m-3324282
Светодиодная лампа ЭРА Стандарт Е14 7 Вт 560 лм 4000 К свеча,107 ₽,https://obi.ru/products/svetodiodnaja-lampa-jera-standart-e14-7-vt-560-lm-4000-k-svecha-3813367
"Светильник потолочный ЭЛЕТЕХ ""Магна"" 151 черн.муар НПБ 01-5х60-161 Е27",7 999 ₽,https://obi.ru/products/svetilnik-potolochnyj-jeleteh-magna-151-chern-muar-npb-01-5h60-161-e27-5072827
Люстра Альфа 5х40W E27 220 V,7 599 ₽,https://obi.ru/products/ljustra-alfa-5h40w-e27-220-v-5067644
Подвесная люстра Vitaluce V4237-1/4 черная 4ХE14Х40Вт,7 799 ₽,https://obi.ru/products/podvesnaja-ljustra-vitaluce-v4237-1-4-chernaja-4he14h40vt-5071310
Подвесной светильник 33 Идеи PND.105.03.03.034.AB-S.01.WH,5 799 ₽,https://obi.ru/products/podvesnoj-svetilnik-33-idei-pnd-105-03-03-034-ab-s-01-wh-4809927
Бра Vitaluce V1794-0/2A белый 2ХE14Х40Вт,4 749 ₽,https://obi.ru/products/bra-vitaluce-v1794-0-2a-belyj-2he14h40vt-4142469
"Люстра ""Норден"" 140 Вт, LED, 220 В (с пультом)",8 599 ₽,https://obi.ru/products/ljustra-norden-140-vt-led-220-v-s-pultom-5729634
Настольная лампа декоративная EGLO FAMBOROUGH 43415 E27,6 199 ₽,https://obi.ru/products/nastolnaja-lampa-dekorativnaja-eglo-famborough-43415-e27-4788071
5658/36CL LEDIO LN23 серый Люстра потолочная LED 36W 220V EVIN,7 399 ₽,https://obi.ru/products/5658-36cl-ledio-ln23-seryj-ljustra-potolochnaja-led-36w-220v-evin-5068926
Светильник Sonex COLOR SN 98 пластик/темно-кор. LED 70 Вт NOHAVA BROWN 7670/EL,7 599 ₽,https://obi.ru/products/svetilnik-sonex-color-sn-98-plastik-temno-kor-led-70-vt-nohava-brown-7670-el-5706279
Подвес Vitaluce V4251-9/1S черный 1ХE27Х60Вт,3 479 ₽,https://obi.ru/products/podves-vitaluce-v4251-9-1s-chernyj-1he27h60vt-4142360
Патрон накладной REV 24541 4 E27 пластик белый,34 ₽,https://obi.ru/products/patron-nakladnoj-rev-24541-4-e27-plastik-belyj-2909794
Патрон подвесной REV 24527 8 Е27 пластик черный,23 ₽,https://obi.ru/products/patron-podvesnoj-rev-24527-8-e27-plastik-chernyj-2909802
Подвес одинарный EGLO CARDIGAN 1 x 60 Вт x E27 патина,2 999 ₽,https://obi.ru/products/podves-odinarnyj-eglo-cardigan-1-x-60-vt-x-e27-patina-3758026
Светильник потолочный светодиодный ЭРА Relict белый,4 079 ₽,https://obi.ru/products/svetilnik-potolochnyj-svetodiodnyj-jera-relict-belyj-5067966
Бра Vitaluce V3232/1A бежевый 1ХE14Х60Вт,1 499 ₽,https://obi.ru/products/bra-vitaluce-v3232-1a-bezhevyj-1he14h60vt-3438918
Патрон подвесной REV 24523 0 E14 поливинилхлорид черный,20 ₽,https://obi.ru/products/patron-podvesnoj-rev-24523-0-e14-polivinilhlorid-chernyj-2909703
Светильник под патрон (люстра) Leek LE CH SALEM Е27x3,7 249 ₽,https://obi.ru/products/svetilnik-pod-patron-ljustra-leek-le-ch-salem-e27x3-5061902
Светодиодный светильник Vitaluce V3045-0/3S белый LEDХ20ВтХ3900-4200К,7 799 ₽,https://obi.ru/products/svetodiodnyj-svetilnik-vitaluce-v3045-0-3s-belyj-ledh20vth3900-4200k-5071342
Бра ARTE Lamp GEMELLI A2150AP-1WG,4 949 ₽,https://obi.ru/products/bra-arte-lamp-gemelli-a2150ap-1wg-4578894
Подвесная люстра Vitaluce V4785-1/3S черная 3ХE27Х40Вт,5 849 ₽,https://obi.ru/products/podvesnaja-ljustra-vitaluce-v4785-1-3s-chernaja-3he27h40vt-4580387
Потолочный светильник встраиваемый ЭРА LED Б0031154,197 ₽,https://obi.ru/products/potolochnyj-svetilnik-vstraivaemyj-jera-led-b0031154-4393971
Подвесная люстра Vitaluce V4237-0/4 белая 4ХE14Х40Вт,7 799 ₽,https://obi.ru/products/podvesnaja-ljustra-vitaluce-v4237-0-4-belaja-4he14h40vt-5071309
Потолочная люстра De Markt Альфа 324015403,4 449 ₽,https://obi.ru/products/potolochnaja-ljustra-de-markt-alfa-324015403-4579397
"Люстра РОССвет потолочная Гермиона LED РС22858, белый",5 299 ₽,https://obi.ru/products/ljustra-rossvet-potolochnaja-germiona-led-rs22858-belyj-5058062
Торшер Vitaluce V2957-1/1P черный 1ХE27Х40Вт,6 799 ₽,https://obi.ru/products/torsher-vitaluce-v2957-1-1p-chernyj-1he27h40vt-5052477
Уличный светильник EGLO RAVELLO 98723 IP44,6 399 ₽,https://obi.ru/products/ulichnyj-svetilnik-eglo-ravello-98723-ip44-4754255
Патрон настенный REV 24537 7 Е27 белый,29 ₽,https://obi.ru/products/patron-nastennyj-rev-24537-7-e27-belyj-2909646
Потолочная люстра J-Light Dallas 1060/4C,3 299 ₽,https://obi.ru/products/potolochnaja-ljustra-j-light-dallas-1060-4c-4096228
Настенный светильник ARTE Lamp ELECTRA A8233AP-1WH,6 299 ₽,https://obi.ru/products/nastennyj-svetilnik-arte-lamp-electra-a8233ap-1wh-4811188
Светодиодная лампа ЭРА Стандарт E14 11 Вт 880 лм 2700 К свеча,145 ₽,https://obi.ru/products/svetodiodnaja-lampa-jera-standart-e14-11-vt-880-lm-2700-k-svecha-4294401
Светодиодная лента Apeyron Electrics SMD 5050 60LED IP44 220В 12Вт 5 м,4 449 ₽,https://obi.ru/products/svetodiodnaja-lenta-apeyron-electrics-smd-5050-60led-ip44-220v-12vt-5-m-4410304
"Подвес VALECROSIA 99081 1x40W(E27), Ø420, H1100, сталь, черный, белый",7 599 ₽,https://obi.ru/products/podves-valecrosia-99081-1x40w-e27-o420-h1100-stal-chernyj-belyj-5070703
Подвес зеленый провод 3хЕ27х75 Вт белый 112x23 см,7 249 ₽,https://obi.ru/products/podves-zelenyj-provod-3he27h75-vt-belyj-112x23-sm-5001782
Светодиодная лампа ЭРА Стандарт E27 25 Вт 2000 лм 4000 К груша,209 ₽,https://obi.ru/products/svetodiodnaja-lampa-jera-standart-e27-25-vt-2000-lm-4000-k-grusha-4294484
Светодиодная лампа ЭРА A55 E27 6 Вт 480 лм 4000 К груша,65 ₽,https://obi.ru/products/svetodiodnaja-lampa-jera-a55-e27-6-vt-480-lm-4000-k-grusha-3842382
Свет-к с/д (люстра) LE LED CH MELODY (1),6 899 ₽,https://obi.ru/products/svet-k-s-d-ljustra-le-led-ch-melody-1-5068925
Профиль для светодиодной ленты ЭРА САВ280 угловой 2 м серебряный,679 ₽,https://obi.ru/products/profil-dlja-svetodiodnoj-lenty-jera-sav280-uglovoj-2-m-serebrjanyj-4404794
Настенно-потолочный светильник Sonex LONA 3020/CL,3 229 ₽,https://obi.ru/products/nastenno-potolochnyj-svetilnik-sonex-lona-3020-cl-4606984
Потолочная люстра Vitaluce V4355-0/3PL белая 3ХE14Х40Вт,3 399 ₽,https://obi.ru/products/potolochnaja-ljustra-vitaluce-v4355-0-3pl-belaja-3he14h40vt-4142436
"Люстра ""Норден"" 88 Вт, LED, 220 В (с пультом)",8 399 ₽,https://obi.ru/products/ljustra-norden-88-vt-led-220-v-s-pultom-5729635
Уличный светильник EGLO LATERNA 5 22995 60 Вт E27 IP44,6 649 ₽,https://obi.ru/products/ulichnyj-svetilnik-eglo-laterna-5-22995-60-vt-e27-ip44-4927034
Линейный светодиодный светильник ЭРА LLED-01-12W-4000-W 12Вт 1000Лм 4000К 872 мм,599 ₽,https://obi.ru/products/linejnyj-svetodiodnyj-svetilnik-jera-lled-01-12w-4000-w-12vt-1000lm-4000k-872-mm-4404984
Подвес EGLO 1x40ВтxE27 oilell черный 1100х190 мм,6 699 ₽,https://obi.ru/products/podves-eglo-1x40vtxe27-oilell-chernyj-1100h190-mm-5001353
Светильник уличный Eglo Aloria 93406 черный 1 х 60 Вт,1 999 ₽,https://obi.ru/products/svetilnik-ulichnyj-eglo-aloria-93406-chernyj-1-h-60-vt-3630910
Уличный подвес NOVOTECH Carrello street 358288 IP65 серый,5 799 ₽,https://obi.ru/products/ulichnyj-podves-novotech-carrello-street-358288-ip65-seryj-4784419
Патрон подвесной REV 24529 2 E27 поливинилхлорид черный,20 ₽,https://obi.ru/products/patron-podvesnoj-rev-24529-2-e27-polivinilhlorid-chernyj-2909687
Патрон подвесной REV 24525 4 E14 пластик черный,20 ₽,https://obi.ru/products/patron-podvesnoj-rev-24525-4-e14-plastik-chernyj-2909828
Патрон накладной REV 24538 4 E27 поливинилхлорид черный,29 ₽,https://obi.ru/products/patron-nakladnoj-rev-24538-4-e27-polivinilhlorid-chernyj-2909745
Потолочный светильник Ledio с ПДУ LED 55W 3000-6000К 220V KALIFA,7 999 ₽,https://obi.ru/products/potolochnyj-svetilnik-ledio-s-pdu-led-55w-3000-6000k-220v-kalifa-5728464
"Светильник настенно-потолочный Rivoli Liese белый 45,5X8X15",6 399 ₽,https://obi.ru/products/svetilnik-nastenno-potolochnyj-rivoli-liese-belyj-45-5x8x15-5066522
Свет-к под патрон (люстра) LE CH JANIS E27x3 (1),7 399 ₽,https://obi.ru/products/svet-k-pod-patron-ljustra-le-ch-janis-e27x3-1-5068896
"Светильник подвесной Rivoli Yasmin хром, прозрачный 12,8Х80",7 199 ₽,https://obi.ru/products/svetilnik-podvesnoj-rivoli-yasmin-hrom-prozrachnyj-12-8h80-5068808
Люстра Merope 4хE27х40 Вт черная 28х27х49 см,6 799 ₽,https://obi.ru/products/ljustra-merope-4he27h40-vt-chernaja-28h27h49-sm-5001623
Трансформатор понижающий Navigator 220-12 В 105 Вт,999 ₽,https://obi.ru/products/transformator-ponizhajuschij-navigator-220-12-v-105-vt-3855202
Потолочный светильник Ledio с ПДУ LED 65W 3000-6000К 220V ALBERTA,7 999 ₽,https://obi.ru/products/potolochnyj-svetilnik-ledio-s-pdu-led-65w-3000-6000k-220v-alberta-5728467
Бра EGLO RAMPSIDE 43197,5 749 ₽,https://obi.ru/products/bra-eglo-rampside-43197-4803599
Подвесной светильник 33 Идеи PND.105.03.03.004.DC-S.01.WH,5 399 ₽,https://obi.ru/products/podvesnoj-svetilnik-33-idei-pnd-105-03-03-004-dc-s-01-wh-4809943
Свет-к под патрон (люстра) LE CH SIMONA E27x6 (1),6 999 ₽,https://obi.ru/products/svet-k-pod-patron-ljustra-le-ch-simona-e27x6-1-5067896
Потолочная люстра De Markt Ариадна 450019703,4 999 ₽,https://obi.ru/products/potolochnaja-ljustra-de-markt-ariadna-450019703-4579314
Подвесная люстра Vitaluce V4258-1/3S черная 3ХE27Х40Вт,5 549 ₽,https://obi.ru/products/podvesnaja-ljustra-vitaluce-v4258-1-3s-chernaja-3he27h40vt-4809422
Патрон подвесной REV 24528 5 E27 поливинилхлорид белый,25 ₽,https://obi.ru/products/patron-podvesnoj-rev-24528-5-e27-polivinilhlorid-belyj-2909679
Патрон подвесной REV 24522 3 E14 пластик белый,20 ₽,https://obi.ru/products/patron-podvesnoj-rev-24522-3-e14-plastik-belyj-2909836
Подвесной светильник FR5179PL-04B,7 199 ₽,https://obi.ru/products/podvesnoj-svetilnik-fr5179pl-04b-5066401
Патрон накладной REV 24539 1 E27 поливинилхлорид белый,29 ₽,https://obi.ru/products/patron-nakladnoj-rev-24539-1-e27-polivinilhlorid-belyj-2909729
"Светильник настенно-потолочный Rivoli Belladonna черный, золото 48X21X16",6 699 ₽,https://obi.ru/products/svetilnik-nastenno-potolochnyj-rivoli-belladonna-chernyj-zoloto-48x21x16-5066523
Патрон накладной REV 24536 0 E27 поливинилхлорид черный,29 ₽,https://obi.ru/products/patron-nakladnoj-rev-24536-0-e27-polivinilhlorid-chernyj-2909653
"Светильник подвесной ALGEDI, LEDX45ВТX1500LM, 3000-7000K",6 999 ₽,https://obi.ru/products/svetilnik-podvesnoj-algedi-ledx45vtx1500lm-3000-7000k-5075493
Трансформатор понижающий Navigator 220-12 В 60 Вт,829 ₽,https://obi.ru/products/transformator-ponizhajuschij-navigator-220-12-v-60-vt-3855145
Бра MW-Light Аделард 642023401,4 079 ₽,https://obi.ru/products/bra-mw-light-adelard-642023401-4376026
"Люстра ""Норден"" 134 Вт, LED, 220 В (с пультом)",7 999 ₽,https://obi.ru/products/ljustra-norden-134-vt-led-220-v-s-pultom-5729633
Бра Vitaluce V1180/1A белый 1ХE14Х40Вт,2 899 ₽,https://obi.ru/products/bra-vitaluce-v1180-1a-belyj-1he14h40vt-3872363
Светильник подвесной ARTE Lamp Ran A3162SP-1BK GU10x50 Вт,5 599 ₽,https://obi.ru/products/svetilnik-podvesnoj-arte-lamp-ran-a3162sp-1bk-gu10x50-vt-4811097
Светодиодная лампа ЭРА Стандарт B35 E14 11 Вт 880 лм 4000 К свеча,145 ₽,https://obi.ru/products/svetodiodnaja-lampa-jera-standart-b35-e14-11-vt-880-lm-4000-k-svecha-4294419
Патрон подвесной REV 24534 6 E27 поливинилхлорид черный,29 ₽,https://obi.ru/products/patron-podvesnoj-rev-24534-6-e27-polivinilhlorid-chernyj-2909711
Светильник хром окантовка LED NAVIGATOR 72Вт накладной с пультом,5 099 ₽,https://obi.ru/products/svetilnik-hrom-okantovka-led-navigator-72vt-nakladnoj-s-pultom-5067481
"Светодиодный модуль ЭРА LM-5-840-I1 120LED IP20 12В 5Вт 0,5 м",2 814 ₽,https://obi.ru/products/svetodiodnyj-modul-jera-lm-5-840-i1-120led-ip20-12v-5vt-0-5-m-3857372
Подвесная люстра Vitaluce V4258-0/3S белая 3ХE27Х40Вт,5 549 ₽,https://obi.ru/products/podvesnaja-ljustra-vitaluce-v4258-0-3s-belaja-3he27h40vt-4809414
Подвесной светильник ODEON LIGHT KLUM 4694/1,4 829 ₽,https://obi.ru/products/podvesnoj-svetilnik-odeon-light-klum-4694-1-4579710
Светодиодный светильник Vitaluce V4691-1/1S черный LEDХ18ВтХ3900-4200К,7 199 ₽,https://obi.ru/products/svetodiodnyj-svetilnik-vitaluce-v4691-1-1s-chernyj-ledh18vth3900-4200k-5071339
Бра EGLO VISERBELLA 97645,5 749 ₽,https://obi.ru/products/bra-eglo-viserbella-97645-4807301
Светодиодный светильник Vitaluce V4691-0/1S белый LEDХ18ВтХ3900-4200К,7 199 ₽,https://obi.ru/products/svetodiodnyj-svetilnik-vitaluce-v4691-0-1s-belyj-ledh18vth3900-4200k-5071338
Люстра потолочная Ritter 52382 с пультом ДУ,4 979 ₽,https://obi.ru/products/ljustra-potolochnaja-ritter-52382-s-pultom-du-4830584
Шинопровод WML-TR2/02B однофазный трековый магнитный 2 м,6 599 ₽,https://obi.ru/products/shinoprovod-wml-tr2-02b-odnofaznyj-trekovyj-magnitnyj-2-m-5000791
Потолочный встраиваемый светильник ЭРА Б0017486,379 ₽,https://obi.ru/products/potolochnyj-vstraivaemyj-svetilnik-jera-b0017486-3894342
RIVOLI JULIA 6080-108 С ПУЛЬТОМ 80 ВТ 4000К,6 949 ₽,https://obi.ru/products/rivoli-julia-6080-108-s-pultom-80-vt-4000k-5073450
Люстра потолочная 5xE27x60 Вт металлическая золотая 55x55x30 см,6 049 ₽,https://obi.ru/products/ljustra-potolochnaja-5xe27x60-vt-metallicheskaja-zolotaja-55x55x30-sm-5001242
"Блок питания для светодиодной ленты Apeyron 03-108 250 Вт 12 В 20,83 А IP67",5 399 ₽,https://obi.ru/products/blok-pitanija-dlja-svetodiodnoj-lenty-apeyron-03-108-250-vt-12-v-20-83-a-ip67-4804654
Бра EGLO PASTERI 94925,4 599 ₽,https://obi.ru/products/bra-eglo-pasteri-94925-4803565
"Светильник потолочный Sonex Setta Led 7630/DL с ДУ, 48Вт",6 499 ₽,https://obi.ru/products/svetilnik-potolochnyj-sonex-setta-led-7630-dl-s-du-48vt-5052625
Спот ARTE Lamp ELLE A1909PL-1WH,1 849 ₽,https://obi.ru/products/spot-arte-lamp-elle-a1909pl-1wh-4303764
"Светильник потолочный ЭЛЕТЕХ ""Викинг"" 141 черн.муар НПБ 01-4х60-128 Е27",6 749 ₽,https://obi.ru/products/svetilnik-potolochnyj-jeleteh-viking-141-chern-muar-npb-01-4h60-128-e27-5072825
Подвес Vitaluce V5151-1/1S черный 1ХE14Х40Вт,3 299 ₽,https://obi.ru/products/podves-vitaluce-v5151-1-1s-chernyj-1he14h40vt-4096160
Люстра Торес 6х40W E27 220 V чёрная,7 999 ₽,https://obi.ru/products/ljustra-tores-6-40w-e27-220-v-5726706
Подвесной светильник LUMION GILLIAN 4589/1,3 999 ₽,https://obi.ru/products/podvesnoj-svetilnik-lumion-gillian-4589-1-4808028
Люстра led 5x111w бел сопрано пульт 3-6к,5 249 ₽,https://obi.ru/products/ljustra-led-5x111w-bel-soprano-pult-3-6k-5072823
Подвесной светильник EGLO PINTO GOLD 97651,4 199 ₽,https://obi.ru/products/podvesnoj-svetilnik-eglo-pinto-gold-97651-4375374
Настенно-потолочный светильник Navigator NLF-C-002-01 с пультом ДУ,4 149 ₽,https://obi.ru/products/nastenno-potolochnyj-svetilnik-navigator-nlf-c-002-01-s-pultom-du-4695730
Люстра Дэла 5х60W E27 220 V белая,7 999 ₽,https://obi.ru/catalog/product/view/id/581834
Люстра потолочная 3хE14х60 Вт металлическая коричневая 44x44x23 см,6 049 ₽,https://obi.ru/products/ljustra-potolochnaja-3he14h60-vt-metallicheskaja-korichnevaja-44x44x23-sm-5001240
"Подвес NIBBIA 92941, 1X40W (E14), белый",1 549 ₽,https://obi.ru/products/podves-nibbia-92941-1x40w-e14-belyj-3663770
Профиль для светодиодной ленты Apeyron Electrics 08-10 2 м серебристый,999 ₽,https://obi.ru/products/profil-dlja-svetodiodnoj-lenty-apeyron-electrics-08-10-2-m-serebristyj-4410478
Шинопровод WML-TR2/01B однофазный трековый магнитный 2 м,6 599 ₽,https://obi.ru/products/shinoprovod-wml-tr2-01b-odnofaznyj-trekovyj-magnitnyj-2-m-5001417
Люстра 2х40WхE27 redcliffe черный,6 999 ₽,https://obi.ru/products/ljustra-2h40whe27-redcliffe-chernyj-5067586
Светодиодная лампа ЭРА ЭКО E27 6 Вт 480 лм 4000 К шар,72 ₽,https://obi.ru/products/svetodiodnaja-lampa-jera-jeko-e27-6-vt-480-lm-4000-k-shar-4294211
Подвесной светильник 33 идеи черный/медь 3xЕ27x75 Вт,6 749 ₽,https://obi.ru/products/podvesnoj-svetilnik-33-idei-chernyj-med-3xe27x75-vt-5071120
Линейный светильник светодиодный Navigator NEL-S2-15-4K-LED 15 Вт 100 см,5 299 ₽,https://obi.ru/products/linejnyj-svetilnik-svetodiodnyj-navigator-nel-s2-15-4k-led-15-vt-100-sm-4771739
Люстра Нежность 5х60W E27 220 V,5 799 ₽,https://obi.ru/products/ljustra-nezhnost-5h60w-e27-220-v-5067612
Светильник подвесной Rivoli Xenobia белый,6 749 ₽,https://obi.ru/products/svetilnik-podvesnoj-rivoli-xenobia-belyj-5068802
Потолочный светильник Ledio с ПДУ LED 60W 3000-6000К 220V ALBERTA,7 599 ₽,https://obi.ru/products/potolochnyj-svetilnik-ledio-s-pdu-led-60w-3000-6000k-220v-alberta-5728466
"5650/6C COMFI LN23 белый, золотой Люстра потолочная E27 6*60W 220V ODELL",5 299 ₽,https://obi.ru/products/5650-6c-comfi-ln23-belyj-zolotoj-ljustra-potolochnaja-e27-6-60w-220v-odell-5068921
Свет-к под патрон (люстра) LE CH LUCIA E14x4 (1),6 899 ₽,https://obi.ru/products/svet-k-pod-patron-ljustra-le-ch-lucia-e14x4-1-5068899
Лампа накаливания Navigator NI-V Е27 60 Вт 210 лм трубка,559 ₽,https://obi.ru/products/lampa-nakalivanija-navigator-ni-v-e27-60-vt-210-lm-trubka-4044467
Настольная лампа декоративная EGLO LYNTON 49111,4 199 ₽,https://obi.ru/products/nastolnaja-lampa-dekorativnaja-eglo-lynton-49111-4366209
Люстра DE CITY 5хE14х60 Вт белая 53х53х70 см,5 199 ₽,https://obi.ru/products/ljustra-de-city-5he14h60-vt-belaja-53h53h70-sm-5001718
Светильник подвесной ARTE Lamp Ran A3162SP-1PB GU10x50 Вт,5 599 ₽,https://obi.ru/products/svetilnik-podvesnoj-arte-lamp-ran-a3162sp-1pb-gu10x50-vt-4811105
Светильник светодиодный потолочный EGLO FUEVA 5 99269 20 Вт 2300 Лм,5 399 ₽,https://obi.ru/products/svetilnik-svetodiodnyj-potolochnyj-eglo-fueva-5-99269-20-vt-2300-lm-4831822
Потолочный светильник Leek CLL LE 061202-012 с пультом ДУ,3 999 ₽,https://obi.ru/products/potolochnyj-svetilnik-leek-cll-le-061202-012-s-pultom-du-4289906
"Подвес Lumion Beatris 3xE27х40 Вт 32x32x27 см, золотистый",6 399 ₽,https://obi.ru/products/podves-lumion-beatris-3xe27h40-vt-32x32x27-sm-zolotistyj-5001775
Уличный прожектор GLANZEN PRO-0020-200 IP 66,4 999 ₽,https://obi.ru/products/ulichnyj-prozhektor-glanzen-pro-0020-200-ip-66-4767810
Шинопровод для трековой системы ARTE Lamp A530233 2000x40 мм IP20 белый,1 699 ₽,https://obi.ru/products/shinoprovod-dlja-trekovoj-sistemy-arte-lamp-a530233-2000x40-mm-ip20-belyj-4298154
Бра EGLO PASTERI 94924,4 599 ₽,https://obi.ru/products/bra-eglo-pasteri-94924-4804704
Люстра led 3х73w бел баритон пульт 3-6к,4 449 ₽,https://obi.ru/products/ljustra-led-3h73w-bel-bariton-pult-3-6k-5072821
Потолочная люстра De City Тетро 673016903,4 199 ₽,https://obi.ru/products/potolochnaja-ljustra-de-city-tetro-673016903-4806857
Свет-к под патрон (люстра) LE CH ARTGLASS E14x4 (1),6 899 ₽,https://obi.ru/products/svet-k-pod-patron-ljustra-le-ch-artglass-e14x4-1-5068897
Настенно-потолочный светильник ARTE Lamp Aqua-tablet A6047PL-2AB,3 899 ₽,https://obi.ru/products/nastenno-potolochnyj-svetilnik-arte-lamp-aqua-tablet-a6047pl-2ab-4395398
Шинопровод для трековой системы ARTE Lamp A530206 1000x40 мм черный,1 299 ₽,https://obi.ru/products/shinoprovod-dlja-trekovoj-sistemy-arte-lamp-a530206-1000x40-mm-chernyj-4298139
Подвес Vitaluce V1770-0/1S белый 1ХE27Х60Вт,5 449 ₽,https://obi.ru/products/podves-vitaluce-v1770-0-1s-belyj-1he27h60vt-4809356
Светодиодная лампа ЭРА Стандарт E27 25 Вт 2000 лм 2700 К груша,209 ₽,https://obi.ru/products/svetodiodnaja-lampa-jera-standart-e27-25-vt-2000-lm-2700-k-grusha-4294476
Настольная лампа для рабочего стола ЭРА N-121 Е27 40 Вт на струбцине белая,1 479 ₽,https://obi.ru/products/nastolnaja-lampa-dlja-rabochego-stola-jera-n-121-e27-40-vt-na-strubcine-belaja-1899996
"Светильник настенно-потолочный Rivoli Anselma белый, коричневый 45,5X8X16",5 899 ₽,https://obi.ru/products/svetilnik-nastenno-potolochnyj-rivoli-anselma-belyj-korichnevyj-45-5x8x16-5066520
Встраиваемый спот NOVOTECH VINTAGE 369856,999 ₽,https://obi.ru/products/vstraivaemyj-spot-novotech-vintage-369856-3580438
Спот ARTE Lamp Almach A1906PL-4WH,4 579 ₽,https://obi.ru/products/spot-arte-lamp-almach-a1906pl-4wh-4737292
Бра De Markt Бриз 111023402,4 629 ₽,https://obi.ru/products/bra-de-markt-briz-111023402-4579546
"Светодиодная лампа Wolta STANDART E27 7,5 Вт 625 лм 4000 К шар",163 ₽,https://obi.ru/products/svetodiodnaja-lampa-wolta-standart-e27-7-5-vt-625-lm-4000-k-shar-4296794
Светильник настенно-потолочный Rivoli Perlita серый 46X18X18,6 299 ₽,https://obi.ru/products/svetilnik-nastenno-potolochnyj-rivoli-perlita-seryj-46x18x18-5066521
Люстра ТЕТРО 4хE27х60 Вт белое золото 50х28х25 см,5 999 ₽,https://obi.ru/products/ljustra-tetro-4he27h60-vt-beloe-zoloto-50h28h25-sm-5001297
"Светодиодный модуль ЭРА LM-8-840-A1-addl 120LED IP20 12В 8Вт белый 0,8 м",1 699 ₽,https://obi.ru/products/svetodiodnyj-modul-jera-lm-8-840-a1-addl-120led-ip20-12v-8vt-belyj-0-8-m-3857265
Потолочная люстра Vitaluce V4196-0/6PL белая 6ХE27Х40Вт,3 999 ₽,https://obi.ru/products/potolochnaja-ljustra-vitaluce-v4196-0-6pl-belaja-6he27h40vt-4809398
"Блок питания для светодиодной ленты Apeyron Electrics 03-49 100 Вт 12 В 8,3 А",1 329 ₽,https://obi.ru/products/blok-pitanija-dlja-svetodiodnoj-lenty-apeyron-electrics-03-49-100-vt-12-v-8-3-a-4410080
Спот Vitaluce V4313-1/2PL черный 2ХE27Х60Вт,4 299 ₽,https://obi.ru/products/spot-vitaluce-v4313-1-2pl-chernyj-2he27h60vt-4393104
Люстра потолочная Rivoli Tammy белый,4 179 ₽,https://obi.ru/products/ljustra-potolochnaja-rivoli-tammy-belyj-5068792
Светильник потолочный светодиодный RIVOLI ANDREA ВТ 4000К - 6000К LED МОДЕРН,6 499 ₽,https://obi.ru/products/svetilnik-potolochnyj-svetodiodnyj-rivoli-andrea-vt-4000k-6000k-led-modern-5073451
Люстра Акцент 5х60W E27 220 V,6 499 ₽,https://obi.ru/products/ljustra-akcent-5h60w-e27-220-v-5067609
Настольная лампа для рабочего стола ЭРА NLED-474 10 Вт черная,3 999 ₽,https://obi.ru/products/nastolnaja-lampa-dlja-rabochego-stola-jera-nled-474-10-vt-chernaja-4366803
